,sum_sq,df,F,PR(>F)
C(Fighting_Group),364.94202492813866,2.0,30.053960524341853,9.494372866820199e-14
Residual,79851.66394238464,13152.0,,
